Country Code,country,population,square,density
KZ,Kazakhstan,17.04,2724902,6.253435903382948
RU,Russia,143.5,17125191,8.379468585197094
BY,Belarus,9.5,207600,45.761078998073216
UA,Ukraine,45.5,603628,75.37755041184305
